metric,value
Validation AUC,0.8909402085526452
Validation AP,0.03074722013327905
Validation log loss,0.0036034725043892954
Precision at 1000,0.176
Recall at 1000,0.039532794249775384
Precision (threshold=0.01),0.026322575099918345
Recall (threshold=0.01),0.2751572327044025
