year,p_ds_lb_pred_01,p_ds_lb_pred_01b,ca_down_c_p_n
2016,1981.5860006648852,1978.753016444758,2168
2017,1996.4712384825,1995.2553065720401,2044
2018,2037.892186372497,2039.7628383613264,2108
2019,2015.282053418424,2017.534666591504,2030
2020,1956.5043817618143,1959.4204287420914,1954
2021,1955.8485129332032,1956.6528617936467,1903
2022,1890.4212681143024,1888.3234545604214,1861
2023,1871.665306501863,1870.4977591225816,1855
2024,1910.5715625577618,1909.4606521284784,1886
